Rok 1984;George Orwell
Ostatnie Zyczenie;Andrzej Sapkowski
Zmierzch;Stephanie Meyer
Hobbit;J.R.R. Tolkien
Przed Switem;Stephanie Meyer
Krew Elfow;Andrzej Sapkowski
Miecz przeznaczenia;Andrzej Sapkowski
Folwark zwierzecy;George Orwell
Dwie wieze;J.R.R. Tolkien
WiedŸmin;Andrzej Sapkowski
Harry Potter;J.K. Rowling
Gra o tron;George R.R. Martin
Z³odziejka ksi¹¿ek;Markus Zusak
Percy Jackson;Rick Riordan
Igrzyska œmierci;Suzanne Collins
Alicja w Krainie Czarów;Lewis Carroll
Pod os³on¹ nocy;Deborah Harkness
Mistrz i Ma³gorzata;Michaiï¿½ Buï¿½hakow
Inkwizytor;Jï¿½rg Maurer
Miasto koï¿½ci;Cassandra Clare
Metro 2033;Dmitry Glukhovsky
Zielona Mila;Stephen King
Pï¿½onï¿½cy bï¿½g;Rebecca F. Kuang
Lew, czarownica i stara szafa;C.S. Lewis
Nowy wspaniaï¿½y ï¿½wiat;Aldous Huxley
Pan Lodowego Ogrodu;Jarosï¿½aw Grzï¿½dowicz
Szeptem;Becca Fitzpatrick
Legion nieï¿½miertelnych;B.V. Larson
ï¿½wiat Burz;B.V. Larson
Ciemnonoc;Shannon Messenger
Pieï¿½ï¿½ lodu i ognia;George R.R. Martin
Diuna;Frank Herbert
Archiwum Burzowego ï¿½wiatï¿½a;Brandon Sanderson
Wojna makowa;Rebecca F. Kuang
Okrutny ksiï¿½ï¿½ï¿½;Holly Black
Hyperion;Dan Simmons
Zwiadowcy;John Flanagan
Dwï¿½r cierni i rï¿½;Sarah J. Maas
Zanim wystygnie kawa;Toshikazu Kawaguchi
Szklany tron;Sarah J. Maas
Wï¿½adca Pierï¿½cieni;J.R.Rï¿½Tolkien
Cyklï¿½Demoniczny;Peter V.ï¿½Brett
Kroniki Krï¿½lobï¿½jcy;Patrick Rothfuss
Niekoï¿½czï¿½caï¿½siï¿½ historia;Michaelï¿½Ende
Pan Lodowego Ogrodu;Jarosï¿½aw Grzï¿½dowicz
Archiwumï¿½Burzowego ï¿½wiatï¿½a;Brandonï¿½Sanderson
Krew i popiï¿½;Jennifer Lynn Armentrout
Mgï¿½y Avalonu;Marion Zimmer Bradley
Mitologia nordycka;Neil Gaiman
Czarna Kompania;Glen Cook
Basniowa Opowiesc;Stephen King
Ksiega nocy;Holly Black
Koï¿½o Czasu;Robert Jordan
Mroczna Wieï¿½a;Stephen King
Kroniki Amberu;Roger Zelazny
Hyperion;Dan Simmons
Endymion;Dan Simmons
Ksiï¿½ga Nowego Sï¿½oï¿½ca,;Gene Wolfe
Kroniki Krï¿½lobï¿½jcy;Patrick Rothfuss
Pierwsze prawo;Joe Abercrombie
Zapomniane Krainy;Robert Salvatore
Krï¿½lestwo nikczemnych;Kerri Maniscalco
Death;Sienna Moreau
Harry Potter i Kamieï¿½ Filozoficzny;J.K. Rowling
Harry Potter i Komnata Tajemnic;J.K. Rowling
Harry Potter i wiï¿½zieï¿½ Azkabanu;J.K. Rowling
Harry Potter i Czara Ognia;J.K. Rowling
Harry Potter i Zakon Feniksa;J.K. Rowling
Harry Potter i Ksiï¿½ï¿½ï¿½ Pï¿½krwi;J.K. Rowling
Niezgodna;Veronica Roth
Miasto upadï¿½ych anioï¿½ï¿½w;Cassandra Clare
Dziedzictwo;Christopher Paolini
Miasto zagubionych dusz;Cassandra Clare
Szï¿½stka wron;Leigh Bardugo
Miasto niebiaï¿½skiego ognia;Cassandra Clare
Dwï¿½r mgieï¿½ i furii;Sarah J. Maas
Dziedzictwo ognia;Sarah J. Maas
Dwï¿½r skrzydeï¿½ i zguby;Sarah J. Maas
Tron w ruinach;K.F. Breene
Iluzje;Alina Duchnowska
Darkfever;Moningï¿½Karenï¿½Marie
Babel;Kuangï¿½Rebeccaï¿½F.
Zimowy ï¿½oï¿½nierz;Leeï¿½Mackenzi
Dziedzictwo ognia;Maasï¿½Sarahï¿½J.
Katedra;Dukajï¿½Jacek
Star Wars;Scottï¿½Cavan
Dom Ziemi i Krwi;Maasï¿½Sarahï¿½J.
Korona w mroku;Maasï¿½Sarahï¿½J.
Sezon burz;Sapkowskiï¿½Andrzej
Dom Nieba i Oddechu;Maasï¿½Sarahï¿½J.
Wieï¿½a ï¿½witu;Maasï¿½Sarahï¿½J.
Instytut;Stephen King
Oczy smoka;Stephen King
Wilki z Calla;Stephen King
Ksiï¿½ga zaginionych opowieï¿½ci;J.R.R. Tolkien
Silmarillion;J.R.R. Tolkien
Portret Doriana Graya;Oscar Wilde
Chï¿½r zapomnianych gï¿½osï¿½w;Remigiusz Mrï¿½z
Outsider;Stephen King
Nekroskop;Brian Lumley
Rzeka zaklï¿½ta;Rebecca Ross
Kwiaty dla Algernona;Daniel Keyes
Kosiarze;Neal Shusterman
Republika smoka;Rebecca F. Kuang
Smï¿½tarz dla zwierzat;Stephen King
Bractwo pierï¿½cienia;J. R. R. Tolkien
W ruinach rï¿½;K. F. Breene
Tron w ruinach;K. F. Breene
Gild;Kennedyï¿½Raven
Dom Nieba i oddechu;Maasï¿½Sarahï¿½J.
